<openerp>
    <data>
        <!-- scheduler : process import -->
        <record forcecreate="True" model="ir.cron" id="master_cron_process_export">
            <field name="name">Unzip and Sync to account_move </field>
            <field name="active">False</field>
            <field name="user_id" ref="base.user_root"/>
            <field name="interval_number">1</field>
            <field name="interval_type">minutes</field>
            <field name="numbercall">-1</field>
            <field name="doall" eval="True"/>
            <field name="model" eval="'vit.sync.master.attach '"/>
            <field name="function" eval="'cron_process_unzip_sync'"/>
            <field name="args" eval="'()'"/>
        </record> 



        <!-- scheduler : process import Stock-->
       <!--  <record forcecreate="True" model="ir.cron" id="master_cron_process_export_stock">
            <field name="name">Unzip and Sync to stock_move </field>
            <field name="active">False</field>
            <field name="user_id" ref="base.user_root"/>
            <field name="interval_number">1</field>
            <field name="interval_type">minutes</field>
            <field name="numbercall">-1</field>
            <field name="doall" eval="True"/>
            <field name="model" eval="'vit.sync.master.attach '"/>
            <field name="function" eval="'cron_process_unzip_sync_stock'"/>
            <field name="args" eval="'()'"/>
        </record> 
            -->
    </data>
</openerp>