<?xml version="1.0" encoding="utf-8"?>
<openerp>
    <data noupdate="1">
        <record id="sequence_pos_journal" model="ir.sequence">
            <field name="name">Account Default POS Journal</field>
            <field eval="3" name="padding"/>
            <field name="prefix">POS/%(year)s/</field>
        </record>

        <record id="pos_journal" model="account.journal">
            <field name="name">POS Journal</field>
            <field name="code">POS</field>
            <field name="type">general</field>
            <field name="sequence_id" ref="sequence_pos_journal"/>
            <field name="user_id" ref="base.user_root"/>
        </record>
   </data>
</openerp>