-- MySQL dump 10.13  Distrib 5.1.44, for apple-darwin8.11.1 (i386)
--
-- Host: 127.0.0.1    Database: cpaquiz
-- ------------------------------------------------------
-- Server version	5.1.44

/*!40101 SET @OLD_CHARACTER_SET_CLIENT=@@CHARACTER_SET_CLIENT */;
/*!40101 SET @OLD_CHARACTER_SET_RESULTS=@@CHARACTER_SET_RESULTS */;
/*!40101 SET @OLD_COLLATION_CONNECTION=@@COLLATION_CONNECTION */;
/*!40101 SET NAMES utf8 */;
/*!40103 SET @OLD_TIME_ZONE=@@TIME_ZONE */;
/*!40103 SET TIME_ZONE='+00:00' */;
/*!40014 SET @OLD_UNIQUE_CHECKS=@@UNIQUE_CHECKS, UNIQUE_CHECKS=0 */;
/*!40014 SET @OLD_FOREIGN_KEY_CHECKS=@@FOREIGN_KEY_CHECKS, FOREIGN_KEY_CHECKS=0 */;
/*!40101 SET @OLD_SQL_MODE=@@SQL_MODE, SQL_MODE='NO_AUTO_VALUE_ON_ZERO' */;
/*!40111 SET @OLD_SQL_NOTES=@@SQL_NOTES, SQL_NOTES=0 */;

--
-- Table structure for table `app_setting`
--

DROP TABLE IF EXISTS `app_setting`;
/*!40101 SET @saved_cs_client     = @@character_set_client */;
/*!40101 SET character_set_client = utf8 */;
CREATE TABLE `app_setting` (
  `id` int(10) NOT NULL AUTO_INCREMENT,
  `key` varchar(45) DEFAULT NULL,
  `value` varchar(45) DEFAULT NULL,
  `created_at` int(10) NOT NULL,
  `created_by_id` int(10) NOT NULL,
  `parent_id` int(10) DEFAULT NULL,
  `sorting` int(10) NOT NULL,
  `position` int(10) DEFAULT NULL,
  PRIMARY KEY (`id`)
) ENGINE=MyISAM DEFAULT CHARSET=latin1;
/*!40101 SET character_set_client = @saved_cs_client */;

--
-- Dumping data for table `app_setting`
--

LOCK TABLES `app_setting` WRITE;
/*!40000 ALTER TABLE `app_setting` DISABLE KEYS */;
/*!40000 ALTER TABLE `app_setting` ENABLE KEYS */;
UNLOCK TABLES;

--
-- Table structure for table `group`
--

DROP TABLE IF EXISTS `group`;
/*!40101 SET @saved_cs_client     = @@character_set_client */;
/*!40101 SET character_set_client = utf8 */;
CREATE TABLE `group` (
  `id` int(11) NOT NULL AUTO_INCREMENT,
  `name` varchar(45) DEFAULT NULL,
  `notes` text,
  `created_at` bigint(20) DEFAULT NULL,
  `created_by_id` int(11) DEFAULT NULL,
  PRIMARY KEY (`id`)
) ENGINE=InnoDB AUTO_INCREMENT=3 DEFAULT CHARSET=latin1;
/*!40101 SET character_set_client = @saved_cs_client */;

--
-- Dumping data for table `group`
--

LOCK TABLES `group` WRITE;
/*!40000 ALTER TABLE `group` DISABLE KEYS */;
INSERT INTO `group` VALUES (1,'Admin','Administrator',8,1),(2,'Customer','Regular User',NULL,NULL);
/*!40000 ALTER TABLE `group` ENABLE KEYS */;
UNLOCK TABLES;

--
-- Table structure for table `group_has_module`
--

DROP TABLE IF EXISTS `group_has_module`;
/*!40101 SET @saved_cs_client     = @@character_set_client */;
/*!40101 SET character_set_client = utf8 */;
CREATE TABLE `group_has_module` (
  `id` int(10) NOT NULL AUTO_INCREMENT,
  `group_id` int(10) NOT NULL,
  `module_id` int(10) NOT NULL,
  `create` int(10) DEFAULT NULL,
  `read` int(10) DEFAULT NULL,
  `update` int(10) DEFAULT NULL,
  `delete` int(10) DEFAULT NULL,
  PRIMARY KEY (`id`)
) ENGINE=MyISAM AUTO_INCREMENT=43 DEFAULT CHARSET=latin1;
/*!40101 SET character_set_client = @saved_cs_client */;

--
-- Dumping data for table `group_has_module`
--

LOCK TABLES `group_has_module` WRITE;
/*!40000 ALTER TABLE `group_has_module` DISABLE KEYS */;
INSERT INTO `group_has_module` VALUES (42,1,148,NULL,NULL,NULL,NULL),(41,1,147,NULL,NULL,NULL,NULL),(40,1,25,NULL,NULL,NULL,NULL),(39,1,4,NULL,NULL,NULL,NULL),(25,2,147,NULL,NULL,NULL,NULL),(26,2,148,NULL,NULL,NULL,NULL),(27,2,149,NULL,NULL,NULL,NULL);
/*!40000 ALTER TABLE `group_has_module` ENABLE KEYS */;
UNLOCK TABLES;

--
-- Table structure for table `log`
--

DROP TABLE IF EXISTS `log`;
/*!40101 SET @saved_cs_client     = @@character_set_client */;
/*!40101 SET character_set_client = utf8 */;
CREATE TABLE `log` (
  `id` int(11) NOT NULL AUTO_INCREMENT,
  `field_and_value` text,
  `action` varchar(20) DEFAULT NULL,
  `model` varchar(100) NOT NULL,
  `id_model` int(11) DEFAULT NULL,
  `user_id` int(11) NOT NULL,
  `name` varchar(225) NOT NULL,
  `group` varchar(225) NOT NULL,
  `created_at` datetime DEFAULT NULL,
  `created_by_id` int(11) DEFAULT NULL,
  PRIMARY KEY (`id`),
  KEY `created_at` (`created_at`),
  KEY `created_by` (`created_by_id`)
) ENGINE=InnoDB DEFAULT CHARSET=latin1;
/*!40101 SET character_set_client = @saved_cs_client */;

--
-- Dumping data for table `log`
--

LOCK TABLES `log` WRITE;
/*!40000 ALTER TABLE `log` DISABLE KEYS */;
/*!40000 ALTER TABLE `log` ENABLE KEYS */;
UNLOCK TABLES;

--
-- Table structure for table `module`
--

DROP TABLE IF EXISTS `module`;
/*!40101 SET @saved_cs_client     = @@character_set_client */;
/*!40101 SET character_set_client = utf8 */;
CREATE TABLE `module` (
  `id` int(10) NOT NULL AUTO_INCREMENT,
  `name` varchar(45) DEFAULT NULL,
  `url` varchar(100) DEFAULT NULL,
  `notes` longtext,
  `created_at` int(10) DEFAULT NULL,
  `created_by_id` int(10) DEFAULT NULL,
  `parent_id` int(10) DEFAULT NULL,
  `sorting` int(10) DEFAULT '0',
  `position` int(10) DEFAULT '0',
  `lft` int(10) DEFAULT NULL,
  `rgt` int(10) DEFAULT NULL,
  `root` int(10) DEFAULT NULL,
  `is_new_window` tinyint(1) NOT NULL DEFAULT '0',
  `is_front_page` tinyint(1) NOT NULL DEFAULT '0',
  `icon_front_page` varchar(50) NOT NULL,
  `icon_menu` varchar(50) NOT NULL,
  PRIMARY KEY (`id`)
) ENGINE=MyISAM AUTO_INCREMENT=151 DEFAULT CHARSET=latin1;
/*!40101 SET character_set_client = @saved_cs_client */;

--
-- Dumping data for table `module`
--

LOCK TABLES `module` WRITE;
/*!40000 ALTER TABLE `module` DISABLE KEYS */;
INSERT INTO `module` VALUES (4,'Administration','','',1338871939,1,NULL,100,0,0,0,0,0,0,'','setting16x16.png'),(147,'Quiz','/quiz/index','',2012,1,NULL,0,0,NULL,NULL,NULL,0,1,'quiz.png','quiz16x16.png'),(148,'Reward','/reward','',2012,1,NULL,10,0,NULL,NULL,NULL,0,1,'gift.png','gift16x16.png'),(25,'Users','/user','',1338872869,1,4,100,1,0,0,0,0,0,'',''),(26,'Group','/group','',1338872884,1,4,110,2,0,0,0,0,0,'',''),(27,'Module','/module','',1338872898,1,4,120,3,0,0,0,0,0,'','');
/*!40000 ALTER TABLE `module` ENABLE KEYS */;
UNLOCK TABLES;

--
-- Table structure for table `quiz`
--

DROP TABLE IF EXISTS `quiz`;
/*!40101 SET @saved_cs_client     = @@character_set_client */;
/*!40101 SET character_set_client = utf8 */;
CREATE TABLE `quiz` (
  `id` int(11) NOT NULL AUTO_INCREMENT,
  `name` varchar(100) NOT NULL,
  `is_active` tinyint(1) NOT NULL,
  `question` text,
  `answer1` varchar(100) DEFAULT NULL,
  `answer2` varchar(100) DEFAULT NULL,
  `background_image` text,
  `background_color` varchar(10) NOT NULL,
  `text_color` varchar(10) NOT NULL,
  `text_size` varchar(10) NOT NULL,
  `pre_approved_url` text NOT NULL,
  `is_approved` tinyint(1) NOT NULL,
  `is_show_question` tinyint(1) NOT NULL,
  `is_show_answer` tinyint(1) NOT NULL,
  `is_show_sharing` tinyint(1) NOT NULL DEFAULT '0',
  `notes` text NOT NULL,
  `created_at` datetime NOT NULL,
  `created_by_id` int(11) NOT NULL,
  PRIMARY KEY (`id`),
  KEY `created_at` (`created_at`),
  KEY `created_by_id` (`created_by_id`),
  KEY `is_approved` (`is_approved`),
  KEY `is_show_question` (`is_show_question`),
  KEY `is_show_answer` (`is_show_answer`),
  KEY `is_active` (`is_active`),
  KEY `name` (`name`),
  KEY `is_show_sharing` (`is_show_sharing`)
) ENGINE=InnoDB AUTO_INCREMENT=12 DEFAULT CHARSET=latin1;
/*!40101 SET character_set_client = @saved_cs_client */;

--
-- Dumping data for table `quiz`
--

LOCK TABLES `quiz` WRITE;
/*!40000 ALTER TABLE `quiz` DISABLE KEYS */;
INSERT INTO `quiz` VALUES (6,'has-kristen-stewart-been-cheating-on-robert-pattinson-since-day-one-tell-us-your-opinion',1,'Has Kristen Stewart Been Cheating On Robert Pattinson Since Day One?! Tell us your opinion and get $500-$1000 Gift cards, Free iPhone, and more...','YES, IT IS TRUE','NO, IT IS NOT TRUE','http://localhost/cpaquiz/images/quiz/6-11-kristen-stewart-4-300.jpg','#000','pink','15pt','http://www.youtube.com/watch?v=iq4getXGhE8',1,1,1,0,'Read the full story at http://perezhilton.com/2012-10-17-kristen-stewart-cheating-robert-pattinson-for-long-time','2012-10-17 19:33:53',1);
/*!40000 ALTER TABLE `quiz` ENABLE KEYS */;
UNLOCK TABLES;

--
-- Table structure for table `quiz_reward`
--

DROP TABLE IF EXISTS `quiz_reward`;
/*!40101 SET @saved_cs_client     = @@character_set_client */;
/*!40101 SET character_set_client = utf8 */;
CREATE TABLE `quiz_reward` (
  `id` int(11) NOT NULL AUTO_INCREMENT,
  `quiz_id` int(11) NOT NULL,
  `reward_id` int(11) NOT NULL,
  PRIMARY KEY (`id`),
  KEY `quiz_id` (`quiz_id`),
  KEY `reward_id` (`reward_id`)
) ENGINE=MyISAM AUTO_INCREMENT=75 DEFAULT CHARSET=latin1;
/*!40101 SET character_set_client = @saved_cs_client */;

--
-- Dumping data for table `quiz_reward`
--

LOCK TABLES `quiz_reward` WRITE;
/*!40000 ALTER TABLE `quiz_reward` DISABLE KEYS */;
INSERT INTO `quiz_reward` VALUES (19,1,7),(18,1,5),(17,1,4),(16,1,3),(15,1,2),(14,1,1),(10,2,1),(11,2,3),(12,4,10),(13,4,11),(74,6,3),(54,7,13),(53,7,12),(55,8,12),(56,8,13),(62,10,3),(61,10,2),(60,10,1),(63,10,4),(64,11,2),(65,11,3),(73,6,2);
/*!40000 ALTER TABLE `quiz_reward` ENABLE KEYS */;
UNLOCK TABLES;

--
-- Table structure for table `quiz_traffic`
--

DROP TABLE IF EXISTS `quiz_traffic`;
/*!40101 SET @saved_cs_client     = @@character_set_client */;
/*!40101 SET character_set_client = utf8 */;
CREATE TABLE `quiz_traffic` (
  `id` int(11) NOT NULL AUTO_INCREMENT,
  `quiz_id` int(11) NOT NULL,
  `datetime` datetime NOT NULL,
  `source` varchar(100) NOT NULL,
  `referer` text NOT NULL,
  `created_at` datetime NOT NULL,
  `created_by_id` int(11) NOT NULL,
  PRIMARY KEY (`id`),
  KEY `quiz_id` (`quiz_id`),
  KEY `datetime` (`datetime`),
  KEY `created_at` (`created_at`),
  KEY `created_by_id` (`created_by_id`)
) ENGINE=MyISAM AUTO_INCREMENT=8 DEFAULT CHARSET=latin1;
/*!40101 SET character_set_client = @saved_cs_client */;

--
-- Dumping data for table `quiz_traffic`
--

LOCK TABLES `quiz_traffic` WRITE;
/*!40000 ALTER TABLE `quiz_traffic` DISABLE KEYS */;
INSERT INTO `quiz_traffic` VALUES (2,6,'2012-11-02 17:37:10','127.0.0.1','','2012-11-02 17:37:10',1),(3,6,'2012-11-02 17:44:46','127.0.0.1','','2012-11-02 17:44:46',1),(4,6,'2012-11-05 05:50:00','127.0.0.1','','2012-11-05 05:50:00',1),(5,6,'2012-11-05 05:50:27','127.0.0.1','http://localhost/veq/quiz/index','2012-11-05 05:50:27',1),(6,7,'2012-11-05 08:01:04','127.0.0.1','http://localhost/veq/landingPage','2012-11-05 08:01:04',1),(7,7,'2012-11-05 08:01:11','127.0.0.1','http://localhost/veq/landingPage','2012-11-05 08:01:11',1);
/*!40000 ALTER TABLE `quiz_traffic` ENABLE KEYS */;
UNLOCK TABLES;

--
-- Table structure for table `reward`
--

DROP TABLE IF EXISTS `reward`;
/*!40101 SET @saved_cs_client     = @@character_set_client */;
/*!40101 SET character_set_client = utf8 */;
CREATE TABLE `reward` (
  `id` int(11) NOT NULL AUTO_INCREMENT,
  `name` varchar(100) NOT NULL,
  `url` text NOT NULL,
  `icon` varchar(255) NOT NULL,
  `created_at` datetime NOT NULL,
  `created_by_id` int(11) NOT NULL,
  PRIMARY KEY (`id`),
  KEY `created_at` (`created_at`),
  KEY `created_by_id` (`created_by_id`)
) ENGINE=InnoDB AUTO_INCREMENT=17 DEFAULT CHARSET=latin1;
/*!40101 SET character_set_client = @saved_cs_client */;

--
-- Dumping data for table `reward`
--

LOCK TABLES `reward` WRITE;
/*!40000 ALTER TABLE `reward` DISABLE KEYS */;
INSERT INTO `reward` VALUES (1,'Johnson Baby Relief Kit','http://trkur.com/trk?o=4744&p=73091&s1={sid1}','1-german.png','2012-10-15 08:40:37',1),(2,'Nike $500 Gift Card','http://peerfly.com/x/0/5860/73091/','2-free-nike-gift-card.jpg','2012-10-15 08:41:36',1),(3,'Walmart $1,000 Gift Card','http://peerfly.com/x/0/4767/73091/','3-1000walmart-500x338.png','2012-10-15 08:42:09',1),(4,'Free iPhone 5','http://peerfly.com/x/0/3604/73091/','4-iphone5.jpg','2012-10-15 13:07:12',1),(5,'Free Folgers Gourmet Coffee products','http://peerfly.com/x/0/5811/73091/','5-prd_grouping.png','2012-10-16 05:24:21',1),(6,'Free 17 inch Macbook Pro','http://peerfly.com/x/0/5483/73091/','6-6094-IMG0114s.jpg','2012-10-16 05:27:21',1),(7,'$200 Giftcard Towards Papa John\'s or Domino\'s Pizza	','http://peerfly.com/x/0/1264/73091/','7-papajohn_1705240c.jpg','2012-10-16 05:30:25',1),(8,'Get a Free XBox 360','http://peerfly.com/x/0/4731/73091/','8-250px-Xbox-360-Consoles-Infobox.png','2012-10-16 05:37:47',1),(9,'Get a Sephora $500 Gift Card','http://peerfly.com/x/0/5537/73091/','9-sephora.jpg','2012-10-16 05:39:25',1),(10,'Get your choice of the Xbox Kinect or PS3 Move FREE','http://peerfly.com/x/0/2461/73091/','10-ps32.png','2012-10-16 05:41:00',1),(11,'Win a Toyota Prius!','http://peerfly.com/x/0/6296/73091/','11-toyota-prius-red-b01.jpg','2012-10-16 03:27:49',1),(16,'free choices for you','http://trkur.com/trk?o=6029&p=73091&i=29090&s1={sid1}','16-29087-300x250.gif','2012-11-11 21:16:53',1);
/*!40000 ALTER TABLE `reward` ENABLE KEYS */;
UNLOCK TABLES;

--
-- Table structure for table `tbl_profiles`
--

DROP TABLE IF EXISTS `tbl_profiles`;
/*!40101 SET @saved_cs_client     = @@character_set_client */;
/*!40101 SET character_set_client = utf8 */;
CREATE TABLE `tbl_profiles` (
  `user_id` int(11) NOT NULL AUTO_INCREMENT,
  `lastname` varchar(50) NOT NULL DEFAULT '',
  `firstname` varchar(50) NOT NULL DEFAULT '',
  PRIMARY KEY (`user_id`)
) ENGINE=InnoDB AUTO_INCREMENT=6 DEFAULT CHARSET=utf8;
/*!40101 SET character_set_client = @saved_cs_client */;

--
-- Dumping data for table `tbl_profiles`
--

LOCK TABLES `tbl_profiles` WRITE;
/*!40000 ALTER TABLE `tbl_profiles` DISABLE KEYS */;
INSERT INTO `tbl_profiles` VALUES (1,'Admin','Administrator'),(4,'Sembiring','Akhmad');
/*!40000 ALTER TABLE `tbl_profiles` ENABLE KEYS */;
UNLOCK TABLES;

--
-- Table structure for table `tbl_profiles_fields`
--

DROP TABLE IF EXISTS `tbl_profiles_fields`;
/*!40101 SET @saved_cs_client     = @@character_set_client */;
/*!40101 SET character_set_client = utf8 */;
CREATE TABLE `tbl_profiles_fields` (
  `id` int(10) NOT NULL AUTO_INCREMENT,
  `varname` varchar(50) NOT NULL,
  `title` varchar(255) NOT NULL,
  `field_type` varchar(50) NOT NULL,
  `field_size` varchar(15) NOT NULL DEFAULT '0',
  `field_size_min` varchar(15) NOT NULL DEFAULT '0',
  `required` int(1) NOT NULL DEFAULT '0',
  `match` varchar(255) NOT NULL DEFAULT '',
  `range` varchar(255) NOT NULL DEFAULT '',
  `error_message` varchar(255) NOT NULL DEFAULT '',
  `other_validator` varchar(5000) NOT NULL DEFAULT '',
  `default` varchar(255) NOT NULL DEFAULT '',
  `widget` varchar(255) NOT NULL DEFAULT '',
  `widgetparams` varchar(5000) NOT NULL DEFAULT '',
  `position` int(3) NOT NULL DEFAULT '0',
  `visible` int(1) NOT NULL DEFAULT '0',
  PRIMARY KEY (`id`),
  KEY `varname` (`varname`,`widget`,`visible`)
) ENGINE=InnoDB AUTO_INCREMENT=3 DEFAULT CHARSET=utf8;
/*!40101 SET character_set_client = @saved_cs_client */;

--
-- Dumping data for table `tbl_profiles_fields`
--

LOCK TABLES `tbl_profiles_fields` WRITE;
/*!40000 ALTER TABLE `tbl_profiles_fields` DISABLE KEYS */;
INSERT INTO `tbl_profiles_fields` VALUES (1,'lastname','Last Name','VARCHAR','50','3',1,'','','Incorrect Last Name (length between 3 and 50 characters).','','','','',1,3),(2,'firstname','First Name','VARCHAR','50','3',1,'','','Incorrect First Name (length between 3 and 50 characters).','','','','',0,3);
/*!40000 ALTER TABLE `tbl_profiles_fields` ENABLE KEYS */;
UNLOCK TABLES;

--
-- Table structure for table `tbl_users`
--

DROP TABLE IF EXISTS `tbl_users`;
/*!40101 SET @saved_cs_client     = @@character_set_client */;
/*!40101 SET character_set_client = utf8 */;
CREATE TABLE `tbl_users` (
  `id` int(11) NOT NULL AUTO_INCREMENT,
  `username` varchar(20) NOT NULL,
  `password` varchar(128) NOT NULL,
  `email` varchar(128) NOT NULL,
  `activkey` varchar(128) NOT NULL DEFAULT '',
  `create_at` timestamp NOT NULL DEFAULT CURRENT_TIMESTAMP,
  `lastvisit_at` timestamp NOT NULL DEFAULT '0000-00-00 00:00:00',
  `superuser` int(1) NOT NULL DEFAULT '0',
  `status` int(1) NOT NULL DEFAULT '0',
  `group_id` int(11) NOT NULL,
  PRIMARY KEY (`id`),
  UNIQUE KEY `username` (`username`),
  UNIQUE KEY `email` (`email`),
  KEY `status` (`status`),
  KEY `superuser` (`superuser`),
  KEY `group_id` (`group_id`)
) ENGINE=InnoDB AUTO_INCREMENT=6 DEFAULT CHARSET=utf8;
/*!40101 SET character_set_client = @saved_cs_client */;

--
-- Dumping data for table `tbl_users`
--

LOCK TABLES `tbl_users` WRITE;
/*!40000 ALTER TABLE `tbl_users` DISABLE KEYS */;
INSERT INTO `tbl_users` VALUES (1,'admin','81dc9bdb52d04dc20036dbd8313ed055','akhmad.daniel@gmail.com','8acb35784ef78d95ae588f9bcd3d89ba','2012-10-23 07:30:24','2014-04-21 04:12:18',1,1,1),(4,'daniel','9cf45399499b6f33db3599ed25fb1549','daniel@vitraining.com','827a942a06d966dfadbf2fe5224f3071','2012-10-23 08:15:22','2012-10-24 13:40:50',0,1,2);
/*!40000 ALTER TABLE `tbl_users` ENABLE KEYS */;
UNLOCK TABLES;

--
-- Table structure for table `traffic`
--

DROP TABLE IF EXISTS `traffic`;
/*!40101 SET @saved_cs_client     = @@character_set_client */;
/*!40101 SET character_set_client = utf8 */;
CREATE TABLE `traffic` (
  `id` int(11) NOT NULL AUTO_INCREMENT,
  `quiz_id` int(11) DEFAULT NULL,
  `landing_page_id` int(11) DEFAULT NULL,
  `news_page_id` int(11) DEFAULT NULL,
  `datetime` datetime NOT NULL,
  `source` varchar(100) NOT NULL,
  `referer` text NOT NULL,
  `created_at` datetime NOT NULL,
  `created_by_id` int(11) NOT NULL,
  PRIMARY KEY (`id`),
  KEY `quiz_id` (`quiz_id`),
  KEY `datetime` (`datetime`),
  KEY `created_at` (`created_at`),
  KEY `created_by_id` (`created_by_id`),
  KEY `landing_page_id` (`landing_page_id`),
  KEY `news_page_id` (`news_page_id`)
) ENGINE=MyISAM AUTO_INCREMENT=18 DEFAULT CHARSET=latin1;
/*!40101 SET character_set_client = @saved_cs_client */;

--
-- Dumping data for table `traffic`
--

LOCK TABLES `traffic` WRITE;
/*!40000 ALTER TABLE `traffic` DISABLE KEYS */;
INSERT INTO `traffic` VALUES (1,10,NULL,NULL,'2014-04-18 22:26:25','::1','http://localhost/cpaquiz/quiz','2014-04-18 22:26:25',1),(2,10,NULL,NULL,'2014-04-18 22:26:37','::1','http://localhost/cpaquiz/quiz/view/10','2014-04-18 22:26:37',1),(3,10,NULL,NULL,'2014-04-18 22:29:09','::1','http://localhost/cpaquiz/quiz','2014-04-18 22:29:09',1),(4,6,NULL,NULL,'2014-04-18 22:31:57','::1','http://localhost/cpaquiz/quiz','2014-04-18 22:31:57',1),(5,6,NULL,NULL,'2014-04-18 22:33:02','::1','http://localhost/cpaquiz/quiz/6','2014-04-18 22:33:02',1),(6,6,NULL,NULL,'2014-04-18 22:34:30','::1','http://localhost/cpaquiz/quiz/index','2014-04-18 22:34:30',1),(7,6,NULL,NULL,'2014-04-18 22:38:38','::1','http://localhost/cpaquiz/quiz/index','2014-04-18 22:38:38',1),(8,6,NULL,NULL,'2014-04-19 05:11:15','::1','http://localhost/cpaquiz/quiz/view/6','2014-04-19 05:11:15',1),(9,6,NULL,NULL,'2014-04-19 05:11:47','::1','http://localhost/cpaquiz/quiz/view/6','2014-04-19 05:11:47',1),(10,6,NULL,NULL,'2014-04-19 05:12:08','::1','http://localhost/cpaquiz/quiz/6','2014-04-19 05:12:08',1),(11,6,NULL,NULL,'2014-04-19 05:12:27','::1','http://localhost/cpaquiz/quiz/6','2014-04-19 05:12:27',1),(12,6,NULL,NULL,'2014-04-19 05:16:36','::1','http://localhost/cpaquiz/quiz/6','2014-04-19 05:16:36',1),(13,6,NULL,NULL,'2014-04-19 05:25:09','::1','http://localhost/cpaquiz/quiz/index','2014-04-19 05:25:09',1),(14,6,NULL,NULL,'2014-04-19 05:25:58','::1','http://localhost/cpaquiz/quiz/index','2014-04-19 05:25:58',1),(15,6,NULL,NULL,'2014-04-19 05:26:04','::1','http://localhost/cpaquiz/quiz/index','2014-04-19 05:26:04',1),(16,6,NULL,NULL,'2014-04-19 05:30:12','::1','http://localhost/cpaquiz/quiz/6','2014-04-19 05:30:12',1),(17,6,NULL,NULL,'2014-04-19 05:42:03','::1','http://localhost/cpaquiz/quiz/view/6','2014-04-19 05:42:03',1);
/*!40000 ALTER TABLE `traffic` ENABLE KEYS */;
UNLOCK TABLES;
/*!40103 SET TIME_ZONE=@OLD_TIME_ZONE */;

/*!40101 SET SQL_MODE=@OLD_SQL_MODE */;
/*!40014 SET FOREIGN_KEY_CHECKS=@OLD_FOREIGN_KEY_CHECKS */;
/*!40014 SET UNIQUE_CHECKS=@OLD_UNIQUE_CHECKS */;
/*!40101 SET CHARACTER_SET_CLIENT=@OLD_CHARACTER_SET_CLIENT */;
/*!40101 SET CHARACTER_SET_RESULTS=@OLD_CHARACTER_SET_RESULTS */;
/*!40101 SET COLLATION_CONNECTION=@OLD_COLLATION_CONNECTION */;
/*!40111 SET SQL_NOTES=@OLD_SQL_NOTES */;

-- Dump completed on 2014-04-24 21:02:23
